{"cameraMode":{"drawMode":0,"name":"Shaded","section":"Shading Mode"},"sceneLighting":true,"audioPlay":false,"sceneViewState":{"m_AlwaysRefresh":false,"showFog":true,"showSkybox":true,"showFlares":true,"showImageEffects":true,"showParticleSystems":true,"showVisualEffectGraphs":true,"m_FxEnabled":true},"in2DMode":false,"pivot":{"x":827.990966796875,"y":546.18115234375,"z":2.8798370361328127},"rotation":{"x":0.00299957487732172,"y":0.004499593749642372,"z":-0.000013382287761487532,"w":0.9999811053276062},"size":715.7763061523438,"orthographic":false}